{
  "precision": 0.5209570881842731,
  "recall": 0.4580692182866096,
  "f1": 0.421780009863457,
  "inference_ms": 0.05086167512501727
}